{"accuracy": [0.11082039028406143, 0.38882529735565186, 0.6371763348579407, 0.7475606203079224, 0.793404221534729, 0.8267647624015808, 0.8468247652053833, 0.8563095927238464, 0.8772962689399719, 0.8896157145500183], "loss": [2.3417680263519287, 1.6238514184951782, 1.019408106803894, 0.7050076723098755, 0.5763636827468872, 0.4854171574115753, 0.4254603087902069, 0.3984055519104004, 0.3483814597129822, 0.31392979621887207], "val_accuracy": [0.17099235951900482, 0.5736095905303955, 0.694656491279602, 0.7712104916572571, 0.8098146319389343, 0.8122137188911438, 0.8486368656158447, 0.8663031458854675, 0.8752453923225403, 0.881788432598114], "val_loss": [2.191279888153076, 1.2069082260131836, 0.8753412365913391, 0.6654844880104065, 0.5178029537200928, 0.5229128003120422, 0.420746773481369, 0.390838086605072, 0.3716523051261902, 0.34408387541770935]}